top_k,baseline_topk_mean_final_score,reranked_topk_mean_final_score,absolute_lift
3,0.643995734894759,0.6925363522862632,0.04854061739150417
5,0.613773543771247,0.6735224457321892,0.05974890196094218
10,0.6265684450620139,0.6265684450620139,0.0
